primary_di,product_code,brand_name,company_name,device_description,gmdn_pt_name,hcpcs_code,hcpcs_desc,device_category,match_method,confidence
00850031608412,FRO,Vitale STRONG,CELLERA LLC,"Silver Gelling Fiber Ropes .8""x12"", 1/pouch, 5/box, 10 boxes/case, 8 cases/overpack","Exudate-absorbent dressing, hydrophilic-gel, antimicrobial",A6196,Alginate dressing <=16 sq in,alginate_dressing,manual_seed,high
00850044458530,FRO,CALICO,Calico Medical Group LLC,"AG Silver Silicone Foam Dressing, Bordered, 4"" x 4""","Cavity-wound management dressing, antimicrobial",A6196,Alginate dressing <=16 sq in,alginate_dressing,manual_seed,high
00850047730275,FRO,Sentrex BioSponge Ultra,Bionova Medical Inc.,,"Cavity-wound management dressing, non-antimicrobial",A6196,Alginate dressing <=16 sq in,alginate_dressing,manual_seed,high
00854827008592,FRO,Hydrofera Blue,"HYDROFERA, LLC",Hydrofera Blue Classic Comfortcell Interface Antibacterial Foam Dressing,"Wound-nonadherent dressing, permeable, antimicrobial",A6196,Alginate dressing <=16 sq in,alginate_dressing,manual_seed,high
00857278000030,FRO,Silverlon Antimicrobial Wound Dressing,"ARGENTUM MEDICAL, LLC",Wound Contact Dressing 4in x 12in,"Wound-nonadherent dressing, permeable, antimicrobial",A6196,Alginate dressing <=16 sq in,alginate_dressing,manual_seed,high
00350770000275,KNT,ENFit Extension Set,"Avanos Medical, Inc.","60"" ENFit Ext Set Standard Purp",Nasoenteral tube,B4088,"Gastro/jejuno tube, low-pro",gastrostomy_low_profile,manual_seed,medium
00350770428567,KNT,AVANOS,"Avanos Medical, Inc.","MIC-KEY* Gastrostomy Feeding Tube Kit, SECUR-LOK* Extension Sets with ENFit® Connector",Gastrostomy button,B4088,"Gastro/jejuno tube, low-pro",gastrostomy_low_profile,manual_seed,medium
00350770956589,KNT,AVANOS,"Avanos Medical, Inc.",MIC-KEY* Gastric-Jejunal Feeding Tube Kit,Jejunostomy tube,B4088,"Gastro/jejuno tube, low-pro",gastrostomy_low_profile,manual_seed,medium
00827002225961,KNT,Passport,COOK INCORPORATED,Low Profile Gastrostomy Set,Gastrostomy button,B4088,"Gastro/jejuno tube, low-pro",gastrostomy_low_profile,manual_seed,medium
00842071107017,KNT,AMT Mini™ Extension Set,"APPLIED MEDICAL TECHNOLOGY, INC.","12"" Bolus Feeding Set with Single Port (Pouched)","Enteral tube extension, single-use",B4088,"Gastro/jejuno tube, low-pro",gastrostomy_low_profile,manual_seed,medium
10680651458022,KNT,Halyard,"Avanos Medical, Inc.",HALYARD* CORTRAK* 2 Nasogastric/Nasointestinal Feeding Tube with Electromagnetic Transmitting Stylet,Enteral tube tracking system transmitter stylet,B4088,"Gastro/jejuno tube, low-pro",gastrostomy_low_profile,manual_seed,medium
10680651460537,KNT,Halyard,"Avanos Medical, Inc.",HALYARD* CORTRAK* 2 Nasogastric/Nasointestinal Feeding Tube with ENFit® Connector and Electromagnetic Transmitting Stylet,Enteral tube tracking system transmitter stylet,B4088,"Gastro/jejuno tube, low-pro",gastrostomy_low_profile,manual_seed,medium
10816336022244,KNT,NCSTRAW,"NEOCHILD, LLC","Enteral Only Sampling Straw 5""","Syringe-loaded medication/vaccine injector, manual, professional",B4088,"Gastro/jejuno tube, low-pro",gastrostomy_low_profile,manual_seed,medium
00613994678157,LWS,Protecta™ DR,"MEDTRONIC, INC.",ICD D334DRG PROTECTA DR US MR BCP,Dual-chamber implantable defibrillator,C1721,"Aicd, dual chamber",icd_dual_chamber,manual_seed,high
00802526591907,LWS,EMBLEM™ S-ICD Electrode Delivery System,BOSTON SCIENTIFIC CORPORATION,Electrode Delivery System,Pacing/defibrillation lead tunneller,C1721,"Aicd, dual chamber",icd_dual_chamber,manual_seed,high
00613994678157,LWS,Protecta™ DR,"MEDTRONIC, INC.",ICD D334DRG PROTECTA DR US MR BCP,Dual-chamber implantable defibrillator,C1722,"Aicd, single chamber",icd_single_chamber,manual_seed,high
00802526591907,LWS,EMBLEM™ S-ICD Electrode Delivery System,BOSTON SCIENTIFIC CORPORATION,Electrode Delivery System,Pacing/defibrillation lead tunneller,C1722,"Aicd, single chamber",icd_single_chamber,manual_seed,high
00613994768186,DQY,Launcher,"MEDTRONIC, INC.",CATHETER LA8JR60SH LA 8F 100CM JR60,"Vascular guide-catheter, single-use",C1725,"Cath, translumin non-laser",atherectomy_catheter,manual_seed,high
00613994769626,DQY,Launcher,"MEDTRONIC, INC.",CATHETER LA8CHAMP30SH LA 8F 100CM CH30,"Vascular guide-catheter, single-use",C1725,"Cath, translumin non-laser",atherectomy_catheter,manual_seed,high
00613994788306,DQY,ZUMA®,"MEDTRONIC, INC.",CATHETER ZS8EBU375SH ZM 8F 100CM EB375,"Vascular guide-catheter, single-use",C1725,"Cath, translumin non-laser",atherectomy_catheter,manual_seed,high
00613994826640,DQY,SHERPA NX BALANCED,"MEDTRONIC, INC.",CATHETER SB6EBU45D SB 6F 90CM EB45,"Vascular guide-catheter, single-use",C1725,"Cath, translumin non-laser",atherectomy_catheter,manual_seed,high
00763000388010,DQY,Launcher,"MEDTRONIC, INC.",CATH LA6JL35Y LA 6F 118CM JL35,"Vascular guide-catheter, single-use",C1725,"Cath, translumin non-laser",atherectomy_catheter,manual_seed,high
00801902089472,DQY,ARROW,TELEFLEX INCORPORATED,"Single-Lumen Central Venous Catheterization Kit with Blue FlexTip(R) Catheter, Sharps Safety Features and Maximal Barrier Precautions",Centrally-inserted central venous catheter,C1725,"Cath, translumin non-laser",atherectomy_catheter,manual_seed,high
08714729350477,DQY,Mach1™,BOSTON SCIENTIFIC CORPORATION,Guide Catheter,"Vascular guide-catheter, single-use",C1725,"Cath, translumin non-laser",atherectomy_catheter,manual_seed,high
10721902458863,DQY,Launcher,"MEDTRONIC, INC.",CATHETER LA6LCBSHD LA 6F 90CM LCB,"Vascular guide-catheter, single-use",C1725,"Cath, translumin non-laser",atherectomy_catheter,manual_seed,high
20705032043707,DQY,VISTA BRITE TIP,CORDIS CORPORATION,GC 8F .088 100CM 2SH XBLAD3,"Vascular guide-catheter, single-use",C1725,"Cath, translumin non-laser",atherectomy_catheter,manual_seed,high
B090C140900,DQY,XO Cross 14,"ZIEN MEDICAL TECHNOLOGIES, INC.","The XO Cross device is a support catheter intended to guide and support a guidewire during access of the peripheral vasculature, allow for wire exchanges and pr","Vascular guide-catheter, single-use",C1725,"Cath, translumin non-laser",atherectomy_catheter,manual_seed,high
00816349011597,DQX,Excursion,BRIVANT LIMITED,,"Cardiac/peripheral vascular guidewire, single-use",C1755,"Catheter, intraspinal",catheter_guidewire,manual_seed,medium
00827002005518,DQX,Cook,COOK INCORPORATED,"Fixed Core Wire Guide Safe-T-J, Curved","Peripheral vascular guidewire, manual",C1755,"Catheter, intraspinal",catheter_guidewire,manual_seed,medium
00827002016330,DQX,Cook,COOK INCORPORATED,Double Flexible Tipped Wire Guide,"Peripheral vascular guidewire, manual",C1755,"Catheter, intraspinal",catheter_guidewire,manual_seed,medium
00827002083103,DQX,Cook,COOK INCORPORATED,"Fixed Core Wire Guide Safe-T-J, Curved","Peripheral vascular guidewire, manual",C1755,"Catheter, intraspinal",catheter_guidewire,manual_seed,medium
00886333003501,DQX,Nitinol Guidewire,"ARGON MEDICAL DEVICES, INC.","Nitinol Guidewire 6.0cm Radiopaque Tip .018"" x 40cm","Peripheral vascular guidewire, manual",C1755,"Catheter, intraspinal",catheter_guidewire,manual_seed,medium
00886333211531,DQX,Guidewire,"ARGON MEDICAL DEVICES, INC.",Guidewire 18/150/FC/PTFE/3J,"Cardiac/peripheral vascular guidewire, single-use",C1755,"Catheter, intraspinal",catheter_guidewire,manual_seed,medium
10195327004088,DQX,"Medline Industries, Inc.","MEDLINE INDUSTRIES, INC.",GUIDEWIRE 035X150 BENTSON,"General surgical procedure kit, non-medicated, single-use",C1755,"Catheter, intraspinal",catheter_guidewire,manual_seed,medium
H7878109351500,DQX,ADx,"ANGIODYNAMICS, INC.","GUIDEWIRE, PTFE 035 X 150CM FC 3MM J DE","Peripheral vascular guidewire, manual",C1755,"Catheter, intraspinal",catheter_guidewire,manual_seed,medium
00384401014461,DSY,Hemagard,INTERVASCULAR SAS,Hemagard Knitted Axillo-bifemoral Radially Supported Collagen Coated Vascular Graft,Synthetic vascular graft,C1768,"Graft, vascular",,gudid_description,low
00816349011597,DQX,Excursion,BRIVANT LIMITED,,"Cardiac/peripheral vascular guidewire, single-use",C1769,Guide wire,,gudid_description,medium
00827002005518,DQX,Cook,COOK INCORPORATED,"Fixed Core Wire Guide Safe-T-J, Curved","Peripheral vascular guidewire, manual",C1769,Guide wire,,gudid_description,medium
00827002016330,DQX,Cook,COOK INCORPORATED,Double Flexible Tipped Wire Guide,"Peripheral vascular guidewire, manual",C1769,Guide wire,,gudid_description,medium
00827002083103,DQX,Cook,COOK INCORPORATED,"Fixed Core Wire Guide Safe-T-J, Curved","Peripheral vascular guidewire, manual",C1769,Guide wire,,gudid_description,medium
00886333003501,DQX,Nitinol Guidewire,"ARGON MEDICAL DEVICES, INC.","Nitinol Guidewire 6.0cm Radiopaque Tip .018"" x 40cm","Peripheral vascular guidewire, manual",C1769,Guide wire,,gudid_description,medium
00886333211531,DQX,Guidewire,"ARGON MEDICAL DEVICES, INC.",Guidewire 18/150/FC/PTFE/3J,"Cardiac/peripheral vascular guidewire, single-use",C1769,Guide wire,,gudid_description,medium
10195327004088,DQX,"Medline Industries, Inc.","MEDLINE INDUSTRIES, INC.",GUIDEWIRE 035X150 BENTSON,"General surgical procedure kit, non-medicated, single-use",C1769,Guide wire,,gudid_description,medium
H7878109351500,DQX,ADx,"ANGIODYNAMICS, INC.","GUIDEWIRE, PTFE 035 X 150CM FC 3MM J DE","Peripheral vascular guidewire, manual",C1769,Guide wire,,gudid_description,medium
00613994740908,NVY,Sprint Quattro Secure® DXAC/DSP,"MEDTRONIC, INC.",LEAD 6947100 SPRINT US 100CM FPA QUAD,Endocardial defibrillation lead,C1779,"Lead, pmkr, transvenous vdd",pacemaker_lead_vdd,manual_seed,high
07640130456112,NIQ,Orsiro Mission,Biotronik AG,,"Drug-eluting coronary artery stent, bioabsorbable-polymer-coated",C1874,"Stent, coated/cov w/del sys",drug_eluting_stent,manual_seed,high
08717648122934,NIQ,XIENCE NANO,ABBOTT VASCULAR INC.,XIENCE nano Everolimus Eluting Coronary Stent System 2.25 mm x 12 mm / Rapid-Exchange,"Drug-eluting coronary artery stent, non-bioabsorbable-polymer-coated",C1874,"Stent, coated/cov w/del sys",drug_eluting_stent,manual_seed,high
07640130456112,NIQ,Orsiro Mission,Biotronik AG,,"Drug-eluting coronary artery stent, bioabsorbable-polymer-coated",C1875,"Stent, coated/cov w/o del sy",drug_eluting_stent,manual_seed,high
08717648122934,NIQ,XIENCE NANO,ABBOTT VASCULAR INC.,XIENCE nano Everolimus Eluting Coronary Stent System 2.25 mm x 12 mm / Rapid-Exchange,"Drug-eluting coronary artery stent, non-bioabsorbable-polymer-coated",C1875,"Stent, coated/cov w/o del sy",drug_eluting_stent,manual_seed,high
00384401014461,DSY,Hemagard,INTERVASCULAR SAS,Hemagard Knitted Axillo-bifemoral Radially Supported Collagen Coated Vascular Graft,Synthetic vascular graft,C1880,Vena cava filter,ivc_filter,manual_seed,high
00613994678157,LWS,Protecta™ DR,"MEDTRONIC, INC.",ICD D334DRG PROTECTA DR US MR BCP,Dual-chamber implantable defibrillator,C1887,"Catheter, guiding",ep_catheter_guiding,manual_seed,medium
00802526591907,LWS,EMBLEM™ S-ICD Electrode Delivery System,BOSTON SCIENTIFIC CORPORATION,Electrode Delivery System,Pacing/defibrillation lead tunneller,C1887,"Catheter, guiding",ep_catheter_guiding,manual_seed,medium
04260396255149,NPL,Straumann® Jason® membrane,botiss biomaterials GmbH,Native pericardium GBR / GTR membrane,Collagen dental regeneration membrane,C1895,"Lead, aicd, endo dual coil",icd_lead_dual_coil,manual_seed,high
00606959001442,BZD,OPTILIFE,"Respironics, Inc.","OPTILIFE MASK ASSEMBLY wHeadgear, NO CUSHIONS-INTL","CPAP/BPAP nasal mask, reusable",E0601,Cont airway pressure device,cpap_device,manual_seed,high
00606959028005,BZD,DreamStation,"Respironics, Inc.","DreamStation BiPAP Pro, ZA",Home BPAP unit,E0601,Cont airway pressure device,cpap_device,manual_seed,high
00606959043398,BZD,DreamStation,"Respironics, Inc.","DreamStation BiPAP Pro with Humidifier, Korea",Home BPAP unit,E0601,Cont airway pressure device,cpap_device,manual_seed,high
00811478011791,GXY,EAR ELECTRODES - 6MM,ELECTRO-CAP INTERNATIONAL INC,,Analytical scalp lead,E0733,Trans elec nerv for trigemin,,gudid_description,low
00816022020458,GXY,The Electrode Store,"IMPULSE MEDICAL TECHNOLOGIES, INC.","PEDIATRIC FINGER CLIPS/24""/1.5mm",Analytical non-scalp cutaneous electrode,E0733,Trans elec nerv for trigemin,,gudid_description,low
00850022650352,GXY,Motive Knee System,"Motive Health, Inc.","MOTIVE THERAPY PAD (LEFT), 1 MONTH BUNDLE",Electrode conductive medium,E0733,Trans elec nerv for trigemin,,gudid_description,low
04260505370046,GXY,alegriaCare,"Wuxi Jiajian Medical Instrument Co.,Ltd.",Flexible and easy to fit electrode can be applied to every contour of the human body. You can use the electrodes many times because of its reliable long lasting,Electrical probe/electrode conductive pad,E0733,Trans elec nerv for trigemin,,gudid_description,low
05430004268017,GXY,Myocene Electrode,Myocene,"An electrical conductor intended to be attached to a patient's skin (noninvasive) to provide therapeutic electrical stimuli through the body surface [e.g., tran","Transcutaneous electrical stimulation electrode, reusable",E0733,Trans elec nerv for trigemin,,gudid_description,low
05711117199352,GXY,Sanibel,Interacoustics A/S,Pouch of 60 electrodes,Analytical non-scalp cutaneous electrode,E0733,Trans elec nerv for trigemin,,gudid_description,low
10816312026365,GXY,Rhythmlink®,"RHYTHMLINK INTERNATIONAL, LLC","60 electrodes, Sticky Pad™ Surface Electrodes for NCV, Recording and Ground Electrode Kit",Analytical non-scalp cutaneous electrode,E0733,Trans elec nerv for trigemin,,gudid_description,low
10851004007031,GXY,SME,"SME, INC. USA","Supertrode 2.75"" Round White Cloth","Transcutaneous electrical stimulation electrode, single-use",E0733,Trans elec nerv for trigemin,,gudid_description,low
B367360,GXY,UE BioSleeve,AXIOBIONICS,Cutaneous Electrode Garment,"Transcutaneous electrical stimulation electrode, single-use",E0733,Trans elec nerv for trigemin,,gudid_description,low
00812277033717,CAN,Curaplex,"BOUND TREE MEDICAL, LLC",Regulator O2 W/Quick Disconnect,"First aid kit, non-medicated, reusable",E1353,Oxygen supplies regulator,,gudid_description,low
04049098000314,CAN,"Oxygen assembly, NIST fitting, male, C2000","DRAEGER MEDICAL SYSTEMS, INC.",,Conventional infant incubator,E1353,Oxygen supplies regulator,,gudid_description,low
00840183522803,HRQ,"BR Surgical, LLC","BR Surgical, LLC","CRILE Hemostatic Forceps, straight, 5 1/2""","Surgical soft-tissue manipulation forceps, scissors-like, reusable",E1637,"Hemostats for dialysis, each",,gudid_description,low
00840319704417,HRQ,Hayden Medical,"Hayden Medical, Inc.","Kelly Hemostatic Forceps 5-1/2"" (13.8cm), straight","Surgical soft-tissue manipulation forceps, scissors-like, reusable",E1637,"Hemostats for dialysis, each",,gudid_description,low
10381780210436,HRQ,Integra® Jarit®,INTEGRA LIFESCIENCES PRODUCTION CORPORATION,"Integra® Jarit® Mosquito Forceps, 4"", Long Jaws, Curved, Serrated Jaws","Surgical soft-tissue manipulation forceps, scissors-like, reusable",E1637,"Hemostats for dialysis, each",,gudid_description,low
00816168020060,ELC,Obtura Spartan,OBTURA SPARTAN ENDODONTICS,Spartan Scaling Tip #5,"Ultrasonic dental scaling/debridement system handpiece tip, periodontal",E1639,"Scale, each",,gudid_description,low
04560205914107,ELC,SS17K,"MICRON CO.,LTD.",,Pneumatic dental scaling/debridement system,E1639,"Scale, each",,gudid_description,low
04560264563612,ELC,Varios,NAKANISHI INC.,,"Ultrasonic dental scaling/debridement system handpiece tip, periodontal",E1639,"Scale, each",,gudid_description,low
06944843610696,ELC,WOODPECKER,"Guilin Woodpecker Medical Instrument Co., Ltd.","Ultrasonic dental scaling/debridement system handpiece tip, endodontic","Ultrasonic dental scaling/debridement system handpiece tip, endodontic",E1639,"Scale, each",,gudid_description,low
M3683G0103501,IOR,Everest & Jennings,"GF HEALTH PRODUCTS, INC.",W/C TRAV HD 20X18 FULL ELR,"Bariatric wheelchair, attendant/occupant-driven, rear-wheels-operated, collapsible",K0001,Standard wheelchair,manual_wheelchair,manual_seed,medium
00811478011791,GXY,EAR ELECTRODES - 6MM,ELECTRO-CAP INTERNATIONAL INC,,Analytical scalp lead,K1016,Trans elec nerv for trigemin,,gudid_description,low
00816022020458,GXY,The Electrode Store,"IMPULSE MEDICAL TECHNOLOGIES, INC.","PEDIATRIC FINGER CLIPS/24""/1.5mm",Analytical non-scalp cutaneous electrode,K1016,Trans elec nerv for trigemin,,gudid_description,low
00850022650352,GXY,Motive Knee System,"Motive Health, Inc.","MOTIVE THERAPY PAD (LEFT), 1 MONTH BUNDLE",Electrode conductive medium,K1016,Trans elec nerv for trigemin,,gudid_description,low
04260505370046,GXY,alegriaCare,"Wuxi Jiajian Medical Instrument Co.,Ltd.",Flexible and easy to fit electrode can be applied to every contour of the human body. You can use the electrodes many times because of its reliable long lasting,Electrical probe/electrode conductive pad,K1016,Trans elec nerv for trigemin,,gudid_description,low
05430004268017,GXY,Myocene Electrode,Myocene,"An electrical conductor intended to be attached to a patient's skin (noninvasive) to provide therapeutic electrical stimuli through the body surface [e.g., tran","Transcutaneous electrical stimulation electrode, reusable",K1016,Trans elec nerv for trigemin,,gudid_description,low
05711117199352,GXY,Sanibel,Interacoustics A/S,Pouch of 60 electrodes,Analytical non-scalp cutaneous electrode,K1016,Trans elec nerv for trigemin,,gudid_description,low
10816312026365,GXY,Rhythmlink®,"RHYTHMLINK INTERNATIONAL, LLC","60 electrodes, Sticky Pad™ Surface Electrodes for NCV, Recording and Ground Electrode Kit",Analytical non-scalp cutaneous electrode,K1016,Trans elec nerv for trigemin,,gudid_description,low
10851004007031,GXY,SME,"SME, INC. USA","Supertrode 2.75"" Round White Cloth","Transcutaneous electrical stimulation electrode, single-use",K1016,Trans elec nerv for trigemin,,gudid_description,low
B367360,GXY,UE BioSleeve,AXIOBIONICS,Cutaneous Electrode Garment,"Transcutaneous electrical stimulation electrode, single-use",K1016,Trans elec nerv for trigemin,,gudid_description,low
00380650696601,HQL,"Alcon Single-Piece PMMA
Slant","Alcon Laboratories, Inc.","SINGLE-PIECE PMMA STERILE PCL (IOL/PC),12.5mm LENGTH, 7.0mm BICONVEX OPTIC,5-DEGREE ""SLANT""(TM*) HAPTICS WITH EYELETS.                       *REG. U.S. PAT. & T","Posterior-chamber intraocular lens, pseudophakic",V2630,Anter chamber intraocul lens,iol_anterior_chamber,manual_seed,high
00380652332576,HQL,ACRYSOF®,"Alcon Laboratories, Inc.","AcrySof(R) ASPHERIC IOL, SINGLE-PIECE ACRYLICFOLDABLE POSTERIOR CHAMBER LENS,UV-ABSORBING, 13.0mm LENGTH, 6.0mm ANTERIORASYMMETRIC BICONVEX OPTIC, PLANAR HAPTIC","Posterior-chamber intraocular lens, pseudophakic",V2630,Anter chamber intraocul lens,iol_anterior_chamber,manual_seed,high
00380652336086,HQL,AcrySof Toric Aspheric UV Absorbing IOL,"Alcon Laboratories, Inc.",The AcrySof Aspheric UV Absorbing Toric Posterior Chamber Intraocular Lens (IOL) is a UV Absorbing foldable intraocular lens (IOL),"Posterior-chamber intraocular lens, pseudophakic",V2630,Anter chamber intraocul lens,iol_anterior_chamber,manual_seed,high
00380652485524,HQL,Clareon,"Alcon Laboratories, Inc.",Clareon Vivity Toric,"Posterior-chamber intraocular lens, pseudophakic",V2630,Anter chamber intraocul lens,iol_anterior_chamber,manual_seed,high
00380655094891,HQL,"ACRYSOF®
Monoflex®","Alcon Laboratories, Inc.","AcrySof(R) Natural ACRYLIC FOLDABLE IOL W/BLUELIGHT FILTER, PCL(IOL/PC), 13.0mm LENGTH, 6.0mmANTERIOR ASYMMETRIC BICONVEX OPTIC, 10-DEGREEMonoflex(TM*) HAPTICS.","Posterior-chamber intraocular lens, pseudophakic",V2630,Anter chamber intraocul lens,iol_anterior_chamber,manual_seed,high
00841542101899,HQL,Collamer Ultraviolet Absorbing Posterior Chamber Intraocular Lens,STAAR SURGICAL COMPANY,Diopter: 15.5; Aspheric; Three Piece,"Posterior-chamber intraocular lens, pseudophakic",V2630,Anter chamber intraocul lens,iol_anterior_chamber,manual_seed,high
00884872025251,HQL,Aaris Acrylic Intraocular lens(IOL),Aaren Scientific Inc.,,"Posterior-chamber intraocular lens, pseudophakic",V2630,Anter chamber intraocul lens,iol_anterior_chamber,manual_seed,high
04547480480855,HQL,iSert Intraocular Lens,HOYA MEDICAL SINGAPORE PTE. LTD.,,"Posterior-chamber intraocular lens, pseudophakic",V2630,Anter chamber intraocul lens,iol_anterior_chamber,manual_seed,high
05050474530607,HQL,TECNIS CL IOL,"JOHNSON & JOHNSON SURGICAL VISION, INC.",TECNIS CL MONO 13MM 15.5,"Posterior-chamber intraocular lens, pseudophakic",V2630,Anter chamber intraocul lens,iol_anterior_chamber,manual_seed,high
M454AR120P2751,HQL,ACURUS,"EYEKON MEDICAL, INC.",POSTERIOR CHAMBER INTRAOCULAR LENS,"Posterior-chamber intraocular lens, pseudophakic",V2630,Anter chamber intraocul lens,iol_anterior_chamber,manual_seed,high
M454AR401P3001,HQL,ACURUS,"EYEKON MEDICAL, INC.",POSTERIOR CHAMBER INTRAOCULAR LENS,"Posterior-chamber intraocular lens, pseudophakic",V2630,Anter chamber intraocul lens,iol_anterior_chamber,manual_seed,high
M454ARG55BP2551,HQL,ACURUS,"EYEKON MEDICAL, INC.",POSTERIOR CHAMBER INTRAOCULAR LENS,"Posterior-chamber intraocular lens, pseudophakic",V2630,Anter chamber intraocul lens,iol_anterior_chamber,manual_seed,high
M454CS6502P1151,HQL,CIRRUS,"EYEKON MEDICAL, INC.",POSTERIOR CHAMBER INTRAOCULAR LENS,"Posterior-chamber intraocular lens, pseudophakic",V2630,Anter chamber intraocul lens,iol_anterior_chamber,manual_seed,high
M454ML500UVP1901,HQL,ACUITY,"EYEKON MEDICAL, INC.",POSTERIOR CHAMBER INTRAOCULAR LENS,"Posterior-chamber intraocular lens, pseudophakic",V2630,Anter chamber intraocul lens,iol_anterior_chamber,manual_seed,high
M454P2602UVP3001,HQL,MDR,"EYEKON MEDICAL, INC.",POSTERIOR CHAMBER INTRAOCULAR LENS,"Posterior-chamber intraocular lens, pseudophakic",V2630,Anter chamber intraocul lens,iol_anterior_chamber,manual_seed,high
M454U600CP2451,HQL,ISOTECHNICS,"EYEKON MEDICAL, INC.",POSTERIOR CHAMBER INTRAOCULAR LENS,"Posterior-chamber intraocular lens, pseudophakic",V2630,Anter chamber intraocul lens,iol_anterior_chamber,manual_seed,high
M454ZY65B2UVP0551,HQL,SUNCOAST,"EYEKON MEDICAL, INC.",POSTERIOR CHAMBER INTRAOCULAR LENS,"Posterior-chamber intraocular lens, pseudophakic",V2630,Anter chamber intraocul lens,iol_anterior_chamber,manual_seed,high
M454ZY65B2UVP0951,HQL,SUNCOAST,"EYEKON MEDICAL, INC.",POSTERIOR CHAMBER INTRAOCULAR LENS,"Posterior-chamber intraocular lens, pseudophakic",V2630,Anter chamber intraocul lens,iol_anterior_chamber,manual_seed,high
00380650696601,HQL,"Alcon Single-Piece PMMA
Slant","Alcon Laboratories, Inc.","SINGLE-PIECE PMMA STERILE PCL (IOL/PC),12.5mm LENGTH, 7.0mm BICONVEX OPTIC,5-DEGREE ""SLANT""(TM*) HAPTICS WITH EYELETS.                       *REG. U.S. PAT. & T","Posterior-chamber intraocular lens, pseudophakic",V2632,Post chmbr intraocular lens,iol_posterior_chamber,manual_seed,high
00380652332576,HQL,ACRYSOF®,"Alcon Laboratories, Inc.","AcrySof(R) ASPHERIC IOL, SINGLE-PIECE ACRYLICFOLDABLE POSTERIOR CHAMBER LENS,UV-ABSORBING, 13.0mm LENGTH, 6.0mm ANTERIORASYMMETRIC BICONVEX OPTIC, PLANAR HAPTIC","Posterior-chamber intraocular lens, pseudophakic",V2632,Post chmbr intraocular lens,iol_posterior_chamber,manual_seed,high
00380652336086,HQL,AcrySof Toric Aspheric UV Absorbing IOL,"Alcon Laboratories, Inc.",The AcrySof Aspheric UV Absorbing Toric Posterior Chamber Intraocular Lens (IOL) is a UV Absorbing foldable intraocular lens (IOL),"Posterior-chamber intraocular lens, pseudophakic",V2632,Post chmbr intraocular lens,iol_posterior_chamber,manual_seed,high
00380652485524,HQL,Clareon,"Alcon Laboratories, Inc.",Clareon Vivity Toric,"Posterior-chamber intraocular lens, pseudophakic",V2632,Post chmbr intraocular lens,iol_posterior_chamber,manual_seed,high
00380655094891,HQL,"ACRYSOF®
Monoflex®","Alcon Laboratories, Inc.","AcrySof(R) Natural ACRYLIC FOLDABLE IOL W/BLUELIGHT FILTER, PCL(IOL/PC), 13.0mm LENGTH, 6.0mmANTERIOR ASYMMETRIC BICONVEX OPTIC, 10-DEGREEMonoflex(TM*) HAPTICS.","Posterior-chamber intraocular lens, pseudophakic",V2632,Post chmbr intraocular lens,iol_posterior_chamber,manual_seed,high
00841542101899,HQL,Collamer Ultraviolet Absorbing Posterior Chamber Intraocular Lens,STAAR SURGICAL COMPANY,Diopter: 15.5; Aspheric; Three Piece,"Posterior-chamber intraocular lens, pseudophakic",V2632,Post chmbr intraocular lens,iol_posterior_chamber,manual_seed,high
00884872025251,HQL,Aaris Acrylic Intraocular lens(IOL),Aaren Scientific Inc.,,"Posterior-chamber intraocular lens, pseudophakic",V2632,Post chmbr intraocular lens,iol_posterior_chamber,manual_seed,high
04547480480855,HQL,iSert Intraocular Lens,HOYA MEDICAL SINGAPORE PTE. LTD.,,"Posterior-chamber intraocular lens, pseudophakic",V2632,Post chmbr intraocular lens,iol_posterior_chamber,manual_seed,high
05050474530607,HQL,TECNIS CL IOL,"JOHNSON & JOHNSON SURGICAL VISION, INC.",TECNIS CL MONO 13MM 15.5,"Posterior-chamber intraocular lens, pseudophakic",V2632,Post chmbr intraocular lens,iol_posterior_chamber,manual_seed,high
M454AR120P2751,HQL,ACURUS,"EYEKON MEDICAL, INC.",POSTERIOR CHAMBER INTRAOCULAR LENS,"Posterior-chamber intraocular lens, pseudophakic",V2632,Post chmbr intraocular lens,iol_posterior_chamber,manual_seed,high
M454AR401P3001,HQL,ACURUS,"EYEKON MEDICAL, INC.",POSTERIOR CHAMBER INTRAOCULAR LENS,"Posterior-chamber intraocular lens, pseudophakic",V2632,Post chmbr intraocular lens,iol_posterior_chamber,manual_seed,high
M454ARG55BP2551,HQL,ACURUS,"EYEKON MEDICAL, INC.",POSTERIOR CHAMBER INTRAOCULAR LENS,"Posterior-chamber intraocular lens, pseudophakic",V2632,Post chmbr intraocular lens,iol_posterior_chamber,manual_seed,high
M454CS6502P1151,HQL,CIRRUS,"EYEKON MEDICAL, INC.",POSTERIOR CHAMBER INTRAOCULAR LENS,"Posterior-chamber intraocular lens, pseudophakic",V2632,Post chmbr intraocular lens,iol_posterior_chamber,manual_seed,high
M454ML500UVP1901,HQL,ACUITY,"EYEKON MEDICAL, INC.",POSTERIOR CHAMBER INTRAOCULAR LENS,"Posterior-chamber intraocular lens, pseudophakic",V2632,Post chmbr intraocular lens,iol_posterior_chamber,manual_seed,high
M454P2602UVP3001,HQL,MDR,"EYEKON MEDICAL, INC.",POSTERIOR CHAMBER INTRAOCULAR LENS,"Posterior-chamber intraocular lens, pseudophakic",V2632,Post chmbr intraocular lens,iol_posterior_chamber,manual_seed,high
M454U600CP2451,HQL,ISOTECHNICS,"EYEKON MEDICAL, INC.",POSTERIOR CHAMBER INTRAOCULAR LENS,"Posterior-chamber intraocular lens, pseudophakic",V2632,Post chmbr intraocular lens,iol_posterior_chamber,manual_seed,high
M454ZY65B2UVP0551,HQL,SUNCOAST,"EYEKON MEDICAL, INC.",POSTERIOR CHAMBER INTRAOCULAR LENS,"Posterior-chamber intraocular lens, pseudophakic",V2632,Post chmbr intraocular lens,iol_posterior_chamber,manual_seed,high
M454ZY65B2UVP0951,HQL,SUNCOAST,"EYEKON MEDICAL, INC.",POSTERIOR CHAMBER INTRAOCULAR LENS,"Posterior-chamber intraocular lens, pseudophakic",V2632,Post chmbr intraocular lens,iol_posterior_chamber,manual_seed,high
